Designator,Val,Package,Mid X,Mid Y,Rotation,Layer
C1,100nf,C_0603_1608Metric,-2.413,-63.037,90.0,top
C2,10uf,C_0603_1608Metric,-22.733,-92.247,0.0,top
C3,100nf,C_0603_1608Metric,0.508,-54.274,180.0,top
C4,1uf,C_0603_1608Metric,11.049,-64.389,90.0,top
C5,100nf,C_0603_1608Metric,-2.413,-67.609,-90.0,top
C6,100nf,C_0603_1608Metric,10.033,-53.975,-90.0,top
C7,470pf,C_0603_1608Metric,3.683,-54.274,0.0,top
C8,100nf,C_0603_1608Metric,12.954,-64.389,90.0,top
C9,4.7uf,C_0603_1608Metric,-12.319,-95.676,90.0,top
C10,4.7uf,C_0603_1608Metric,-10.668,-95.676,90.0,top
C11,100nf,C_0603_1608Metric,7.239,-63.712,0.0,top
C12,1uf,C_0603_1608Metric,7.239,-65.45,0.0,top
C13,100nf,C_0603_1608Metric,-11.303,-56.814,-90.0,top
C14,10uf,C_0603_1608Metric,-10.16,-80.309,90.0,top
C15,100nf,C_0603_1608Metric,-5.601,-74.213,0.0,top
C16,4.7uf,C_0603_1608Metric,-10.16,-86.913,-90.0,top
C17,1uf,C_0603_1608Metric,-5.588,-72.562,0.0,top
C18,4.7uf,C_0603_1608Metric,-8.382,-86.913,-90.0,top
C19,100nf,C_0603_1608Metric,2.286,-86.741,90.0,top
C20,470nf,C_0603_1608Metric,6.454,-36.323,180.0,top
C21,470nf,C_0603_1608Metric,-5.611,-36.323,180.0,top
C22,470nf,C_0603_1608Metric,-17.676,-36.323,180.0,top
C23,470nf,C_0603_1608Metric,6.454,-47.626,180.0,top
C24,470nf,C_0603_1608Metric,-5.611,-47.626,180.0,top
C25,470nf,C_0603_1608Metric,-17.676,-47.626,180.0,top
C26,100nf,C_0603_1608Metric,-21.717,-52.115,0.0,top
C27,100uf,CP_Elec_8x10,-1.143,-92.964,90.0,top
C28,47uf,CP_Elec_6.3x5.4,7.239,-101.981,90.0,top
D1,STATUS,LED_0603_1608Metric,17.78,-109.728,-90.0,top
D2,5V_PWR,LED_0603_1608Metric,-22.987,-82.9505,-90.0,top
D3,1N4148,D_SOD-123,4.826,-21.762,90.0,top
F1,1.5A,Fuse_1812_4532Metric,7.62,-94.996,0.0,top
FB1,Bead,Fuse_0603_1608Metric,-22.733,-90.469,180.0,top
FB2,Bead,Fuse_0603_1608Metric,-9.398,-82.722,180.0,top
J5,NET,Molex_PicoBlade_53398-0471_1x04-1MP_P1.25mm_Vertical,7.981,-32.491,180.0,top
J6,TARE,Molex_PicoBlade_53398-0471_1x04-1MP_P1.25mm_Vertical,-4.084,-32.491,180.0,top
J7,BTN1,Molex_PicoBlade_53398-0471_1x04-1MP_P1.25mm_Vertical,-16.149,-32.491,180.0,top
J8,BTN2,Molex_PicoBlade_53398-0471_1x04-1MP_P1.25mm_Vertical,7.981,-43.794,180.0,top
J9,BTN3,Molex_PicoBlade_53398-0471_1x04-1MP_P1.25mm_Vertical,-4.084,-43.794,180.0,top
J10,BTN4,Molex_PicoBlade_53398-0471_1x04-1MP_P1.25mm_Vertical,-16.149,-43.794,180.0,top
J11,Comm,RJ45_Ninigi_GE,11.806,-82.976,90.0,top
J12,RFID_Module,Molex_PicoBlade_53398-0471_1x04-1MP_P1.25mm_Vertical,-13.432,-75.334,180.0,top
Q2,FDC655BN,SuperSOT-6,0.066,-100.203,0.0,top
R1,4.7k,R_0603_1608Metric,-4.572,-60.751,180.0,top
R2,4.7k,R_0603_1608Metric,-7.62,-60.751,180.0,top
R3,51,R_0603_1608Metric,12.319,-58.166,0.0,top
R4,330,R_0603_1608Metric,-22.479,-64.942,180.0,top
R5,51,R_0603_1608Metric,12.319,-60.706,0.0,top
R6,330,R_0603_1608Metric,-23.622,-100.629,0.0,top
R7,330,R_0603_1608Metric,-22.987,-86.1255,90.0,top
R8,1k,R_0603_1608Metric,15.494,-109.728,-90.0,top
R9,1k,R_0603_1608Metric,-12.827,-68.752,-90.0,top
R10,1k,R_0603_1608Metric,-12.827,-104.058,-90.0,top
R11,4.7k,R_0603_1608Metric,-4.572,-69.895,180.0,top
R12,4.7k,R_0603_1608Metric,-7.62,-69.895,0.0,top
R13,470,R_0603_1608Metric,-3.175,-83.357,180.0,top
R14,470,R_0603_1608Metric,-0.508,-75.356,-90.0,top
R15,10k,R_0603_1608Metric,-4.826,-100.33,-90.0,top
R16,1M,R_0603_1608Metric,-3.175,-100.33,90.0,top
R17,10k,R_0603_1608Metric,9.502,-36.323,180.0,top
R18,10k,R_0603_1608Metric,-2.563,-36.323,180.0,top
R19,10k,R_0603_1608Metric,-14.628,-36.323,180.0,top
R20,10k,R_0603_1608Metric,9.502,-47.626,180.0,top
R21,10k,R_0603_1608Metric,-2.563,-47.626,180.0,top
R22,10k,R_0603_1608Metric,-14.628,-47.626,180.0,top
TH1,300mA,Fuse_0603_1608Metric,-8.255,-96.438,0.0,top
TH2,300mA,Fuse_0603_1608Metric,-5.969,-86.151,0.0,top
TH3,1A,Fuse_1812_4532Metric,0.508,-105.664,180.0,top
U1,B1205S-1WR3,B1205S-1WR3,-19.685,-94.533,180.0,top
U2,ISO1540,SOIC-8_3.9x4.9mm_P1.27mm,-6.096,-65.323,-90.0,top
U3,EL817,SOIC254P1030X460-4N,-19.709,-68.371,0.0,top
U4,NAU7802,SOP-16_3.9x9.9mm_P1.27mm,3.683,-59.013,-90.0,top
U5,MCP23017_ML,QFN-28-1EP_6x6mm_P0.65mm_EP4.25x4.25mm,-6.731,-54.782,0.0,top
U6,EL817,SOIC254P1030X460-4N,-19.685,-104.058,0.0,top
U7,P82B715DR,SOIC-8_3.9x4.9mm_P1.27mm,-4.191,-78.785,90.0,top
U8,B1205S-1WR3,B1205S-1WR3,-12.573,-84.881,90.0,top
U9,SRV05-4,SOT-23-6,1.016,-78.785,0.0,top
U10,TPD2E007,SOT-323_SC-70,1.143,-82.087,180.0,top
U11,ULN2003,SOIC-16_3.9x9.9mm_P1.27mm,-18.48,-58.211,180.0,top
